,Token_0,Token_1,Token_2,Token_3,Token_4,Token_5,Token_6,Token_7,Token_8,Token_9,Token_10,Token_11,Token_12
Layer_0,:," """,The, beautiful, flower, blooms, in, the, garden,".""","
","""",ग
Layer_1,:," """,The, beautiful, flower, blooms, in, the, garden,".""","
","""",ग
Layer_2,:," """,The, beautiful, flower, blooms, in, the, garden,".""","
","""",ग
Layer_3,:," """, la, beautiful, flower, blooms, in, the, garden,".""","
","""",ग
Layer_4,:," """, las, beautiful, flower, blooms, in, the, garden,".""","
","""",ग
Layer_5,:," """, las, beautiful, flower,�צ, F, F, garden, scal,"
","""",ग
Layer_6,:," """,rog, beautiful, flower,咲, F, F, garden, disp,"
","""",ग
Layer_7, “," """,oret,风景,咲,咲, F, sedang, (, disp,"
"," """,ग
Layer_8,ing," """, de,-,咲,咲, F, Be, (, disp, lui, consol, пром
Layer_9,ese," """,itle, К,咲,咲,لع," """, עי�, disp, beau, kn, Fol
Layer_10, “," """, po,景,咲,inh,لع, imp, stil, dial, dik, cal, بن
Layer_11, re," """, po, 추,咲,咲, K, Besch, ben, dis, לק�,inter, म
Layer_12," """," """, po,ly, mer, bomb, K, Besch, ra, Τ, Доб,كن, Fol
Layer_13," """," """, po,-, Bud, מפ�, K, nar, m, dub, laid,كن,格
Layer_14, Tv," """, po, nhất, od, מפ�, K, v, m, लग, laid, kor, Fol
Layer_15, bal, kn, af, nhất, bud, cất, K, v, ., od, spor,كن, ר�
Layer_16,Sí,Â, po, nhất, st, מפ�, v, v, v, च, suy, hâ, prima
Layer_17, bal, ir, po,ness, we, מפ�, v, v, v, translation, Gram, ş,da
Layer_18, bal, zona, po,ness, bud,led, v, v, v, लग,��, he, ind
Layer_19," """,onda, ver,ness, von, in, mezzo, Auff, v, dur, Kor, he,unt
Layer_20," """,क, k,ness, zaw, in,effect, Auff, Auff, dur, Kor, dil, le
Layer_21,च,onda, po,ness, zaw, in,effect, Auff, po, Tweet, κα, ver, con
Layer_22," """,क, se,ly, fi, in,effect, garden, r, च, Kor, ir, le
Layer_23," """, in, da,ly,咲, in, the, garden,".""", ज, प, in,ौ
Layer_24," """, in, v,",",咲, in, the, garden,".""",<EOS_TOKEN>, प, in,़
Layer_25," """, व, beautiful, flowers,咲, in, the, garden,".""", ज,答案, die,़
Layer_26," """, ग, beautiful, flowers,咲, in, garden, garden,".""", ज, English, ग, garden
Layer_27," """, garden, beautiful, flower,咲, in, the, garden,".""", English, translate, garden, garden
Layer_28," """, garden, beautiful, flower,咲, in, the, garden,".""", English, translation, garden, garden
Layer_29," """, garden, beautiful, flower,咲, in, the, garden,".""", English, translation, garden, jardin
Layer_30," """, ब, beautiful, flower, blo, in, the, garden,".""", English,The, garden,्
Layer_31," """, garden, beautiful, flower, ब, in, the, garden,".""", English,The, garden,ा
Layer_32," """,ब, beautiful, फ, ख, in, the, garden,।, English,The,ग,ा
