,Token_0,Token_1,Token_2,Token_3,Token_4,Token_5,Token_6,Token_7,Token_8,Token_9,Token_10,Token_11
Layer_0,:, ,1,.," """,Il,-,il,-,g,ħ,and
Layer_1,:, ,1,.," """,Il,-,il,-,g,ħ,and
Layer_2,:, ,1,.," """,Il,-,il,-,g,ħ,and
Layer_3,:, , re,.," """,Il,-,il,-,g,ħ,and
Layer_4,:, , imp, ultim," """,Il,-,il, gew,g,ħ,and
Layer_5,:, ,ầm, neues," """,Il,-,il, gew,g,ħ, tou
Layer_6,:, ,st, meng," """, il,-,il, gew,g, Sete, tou
Layer_7,:, explicación, imp, meng," """, pav, la, eh, inform, gest, internal, tou
Layer_8, tiếng,理, imp, подав," """, Honor, 작, rig,ugar,普及, קל, khỏe
Layer_9,oli, recon, imp, подав," """,cum, ego,era,cum, vệ,era, ύ
Layer_10,ولي, lek, imp,ew," """,cum, ô, fach, scha, ביי�, gele, ύ
Layer_11,ولي,urea, bal, Integrity," """,cum, Zug,usan, scha, ביי�, norm,Ord
Layer_12,طف,urea, imp, sang," """,cum, ego,cum, kategor,occhio, humor, Сам
Layer_13,طف,�ר�, imp, imp, sh,cum,amb,cum,amb, של�, humor,余
Layer_14, bal,�ר�, imp, przy, to, rad,amb, vog,amb, של�, humor, Dre
Layer_15, bal,�ר�, bal, przy, kan, rad, bes,ραγ, kategor,rees, humor, कठ
Layer_16, bal," ""'",νο, Verb, scr, scr,ata,قام, kategor, overs, humor,oku
Layer_17, 「,دن, sentence, pou, scr, bes, bes,قام, Aston,شکل, Malta,жу
Layer_18, 「," """, sentence, rule, dip, scr, Esc,ito,座, exped, Malta, μ
Layer_19," """," ""'",st, ú, 타,sa, trao,oss, ung, exped, g,lik
Layer_20," """," """,st," """, un,cum,issa, col, fantast, col, humor, בע
Layer_21," """," """,st," """, un,cum, trao, Eh,cum, col, g, נב�
Layer_22," """," """,st," """, le, resto, ά, вис, li, il,ر, τα
Layer_23," """," """,st," """, da, resto,õ, Fen, li, מח,ر, ו
Layer_24," """," """,st," """, le, cal, mü,inois, li, il, ad, נב�
Layer_25," """,ħ,st,ħ, �,ħ,ħ,ħ,ħ,ħ, Maltese, Malta
Layer_26," """," """,st," """, �,ħ,ħ,ħ,ħ,ħ, Malta,ħ
Layer_27," """," """,st," """,ħ,ħ,ħ,ħ,ħ,ħ, malt,ħ
Layer_28," """," """,st,ħ,ħ,ħ,ħ,ħ,ħ,ħ, malt,ħ
Layer_29," """,ħ,st,ħ,ħ,ħ,ħ,ħ,ħ,ħ,ħ,ħ
Layer_30," """," """,st," """,花,-,花,-, 꽃,ħ,ħ,ħ
Layer_31," """," """,5," """,Il,-, il,-, 꽃,ħ,aj,ż
Layer_32," """,1,.," """,Il,-,f,-,g,ħ,and,ż
